Date,Close,Close_Prediction
2018-02-15,280.269989,276.87818798887645
2018-02-16,278.519989,279.2895222731358
2018-02-17,,
2018-02-18,,
2018-02-19,,
2018-02-20,,
2018-02-21,,
2018-02-22,,
2018-02-23,,
2018-02-24,,
2018-02-25,,
2018-02-26,,
2018-02-27,,
2018-02-28,,
2018-03-01,,
2018-03-02,,
2018-03-03,,
2018-03-04,,
2018-03-05,,
2018-03-06,,
2018-03-07,,
2018-03-08,,
2018-03-09,,
2018-03-10,,
2018-03-11,,
2018-03-12,,
2018-03-13,,
2018-03-14,,
2018-03-15,,
2018-03-16,,
2018-03-17,,
2018-03-18,,
2018-03-19,313.480011,310.3049602704131
2018-03-20,,
2018-03-21,,
2018-03-22,,
2018-03-23,,
2018-03-24,,
2018-03-25,,
2018-03-26,,
2018-03-27,,
2018-03-28,,
2018-03-29,,
2018-03-30,,
2018-03-31,,
2018-04-01,,
2018-04-02,280.290009,279.2878561912383
2018-04-03,,
2018-04-04,,
2018-04-05,,
2018-04-06,,
2018-04-07,,
2018-04-08,,
2018-04-09,,
2018-04-10,,
2018-04-11,303.670013,309.8077434033965
2018-04-12,,
2018-04-13,,
2018-04-14,,
2018-04-15,,
2018-04-16,,
2018-04-17,,
2018-04-18,,
2018-04-19,,
2018-04-20,,
2018-04-21,,
2018-04-22,,
2018-04-23,,
2018-04-24,,
2018-04-25,,
2018-04-26,,
2018-04-27,,
2018-04-28,,
2018-04-29,,
2018-04-30,,
2018-05-01,,
2018-05-02,313.359985,315.2981520145562
2018-05-03,,
2018-05-04,,
2018-05-05,,
2018-05-06,,
2018-05-07,326.26001,325.76349597813453
2018-05-08,,
2018-05-09,,
2018-05-10,329.600006,328.8812777015555
2018-05-11,,
2018-05-12,,
2018-05-13,,
2018-05-14,,
2018-05-15,,
2018-05-16,,
2018-05-17,,
2018-05-18,,
2018-05-19,,
2018-05-20,,
2018-05-21,,
2018-05-22,,
2018-05-23,,
2018-05-24,,
2018-05-25,,
2018-05-26,,
2018-05-27,,
2018-05-28,,
2018-05-29,349.730011,351.74962997776504
2018-05-30,,
2018-05-31,,
2018-06-01,,
2018-06-02,,
2018-06-03,,
2018-06-04,361.809998,357.48025176379826
2018-06-05,,
2018-06-06,,
2018-06-07,,
2018-06-08,,
2018-06-09,,
2018-06-10,,
2018-06-11,,
2018-06-12,363.829987,364.51165109618853
2018-06-13,,
2018-06-14,,
2018-06-15,,
2018-06-16,,
2018-06-17,,
2018-06-18,,
2018-06-19,,
2018-06-20,,
2018-06-21,,
2018-06-22,411.089996,412.44514788314757
2018-06-23,,
2018-06-24,,
2018-06-25,,
2018-06-26,,
2018-06-27,390.390015,396.9752598337421
2018-06-28,,
2018-06-29,,
2018-06-30,,
2018-07-01,,
2018-07-02,,
2018-07-03,,
2018-07-04,,
2018-07-05,,
2018-07-06,,
2018-07-07,,
2018-07-08,,
2018-07-09,,
2018-07-10,,
2018-07-11,,
2018-07-12,,
2018-07-13,395.799988,398.9921155056183
2018-07-14,,
2018-07-15,,
2018-07-16,400.480011,397.81908582262383
2018-07-17,,
2018-07-18,,
2018-07-19,,
2018-07-20,,
2018-07-21,,
2018-07-22,,
2018-07-23,,
2018-07-24,357.320007,357.74664941065333
2018-07-25,,
2018-07-26,,
2018-07-27,,
2018-07-28,,
2018-07-29,,
2018-07-30,,
2018-07-31,,
2018-08-01,,
2018-08-02,344.5,341.6930201647332
2018-08-03,343.089996,340.6716620275904
2018-08-04,,
2018-08-05,,
2018-08-06,,
2018-08-07,,
2018-08-08,,
2018-08-09,,
2018-08-10,,
2018-08-11,,
2018-08-12,,
2018-08-13,,
2018-08-14,,
2018-08-15,,
2018-08-16,,
2018-08-17,,
2018-08-18,,
2018-08-19,,
2018-08-20,,
2018-08-21,,
2018-08-22,344.440002,344.2466780865564
2018-08-23,,
2018-08-24,,
2018-08-25,,
2018-08-26,,
2018-08-27,,
2018-08-28,,
2018-08-29,,
2018-08-30,,
2018-08-31,367.679993,372.40751198708125
2018-09-01,,
2018-09-02,,
2018-09-03,,
2018-09-04,363.600006,364.5462678796007
2018-09-05,,
2018-09-06,,
2018-09-07,348.679993,352.58804332947784
2018-09-08,,
2018-09-09,,
2018-09-10,348.410004,345.16461410968634
2018-09-11,,
2018-09-12,,
2018-09-13,368.149994,369.97589745027057
2018-09-14,,
2018-09-15,,
2018-09-16,,
2018-09-17,,
2018-09-18,,
2018-09-19,,
2018-09-20,,
2018-09-21,,
2018-09-22,,
2018-09-23,,
2018-09-24,,
2018-09-25,,
2018-09-26,,
2018-09-27,,
2018-09-28,,
2018-09-29,,
2018-09-30,,
2018-10-01,,
2018-10-02,,
2018-10-03,,
2018-10-04,,
2018-10-05,,
2018-10-06,,
2018-10-07,,
2018-10-08,,
2018-10-09,,
2018-10-10,,
2018-10-11,,
2018-10-12,,
2018-10-13,,
2018-10-14,,
2018-10-15,,
2018-10-16,,
2018-10-17,364.700012,363.26949822152335
2018-10-18,,
2018-10-19,,
2018-10-20,,
2018-10-21,,
2018-10-22,,
2018-10-23,,
2018-10-24,,
2018-10-25,,
2018-10-26,,
2018-10-27,,
2018-10-28,,
2018-10-29,,
2018-10-30,,
2018-10-31,,
2018-11-01,,
2018-11-02,,
2018-11-03,,
2018-11-04,,
2018-11-05,,
2018-11-06,,
2018-11-07,,
2018-11-08,,
2018-11-09,,
2018-11-10,,
2018-11-11,,
2018-11-12,,
2018-11-13,,
2018-11-14,286.730011,283.93672449031646
2018-11-15,290.059998,288.8185039929915
2018-11-16,,
2018-11-17,,
2018-11-18,,
2018-11-19,270.600006,273.30436237543586
2018-11-20,,
2018-11-21,,
2018-11-22,,
2018-11-23,,
2018-11-24,,
2018-11-25,,
2018-11-26,,
2018-11-27,,
2018-11-28,,
2018-11-29,,
2018-11-30,,
2018-12-01,,
2018-12-02,,
2018-12-03,,
2018-12-04,275.329987,283.557885808906
2018-12-05,,
2018-12-06,,
2018-12-07,265.140015,268.5103970588788
2018-12-08,,
2018-12-09,,
2018-12-10,,
2018-12-11,,
2018-12-12,,
2018-12-13,276.019989,274.67141305681486
2018-12-14,266.839996,271.3005572259887
2018-12-15,,
2018-12-16,,
2018-12-17,,
2018-12-18,,
2018-12-19,,
2018-12-20,,
2018-12-21,246.389999,246.6614461977849
2018-12-22,,
2018-12-23,,
2018-12-24,233.880005,242.3328058288004
2018-12-25,,
2018-12-26,,
2018-12-27,,
2018-12-28,,
2018-12-29,,
2018-12-30,,
2018-12-31,,
2019-01-01,,
2019-01-02,267.660004,265.92565888071886
2019-01-03,,
2019-01-04,297.570007,292.67508822706986
2019-01-05,,
2019-01-06,,
2019-01-07,315.339996,314.3679695081245
2019-01-08,320.269989,311.3851868563872
2019-01-09,319.959991,319.4644093743092
2019-01-10,,
2019-01-11,,
2019-01-12,,
2019-01-13,,
2019-01-14,,
2019-01-15,,
2019-01-16,,
2019-01-17,,
2019-01-18,,
2019-01-19,,
2019-01-20,,
2019-01-21,,
2019-01-22,,
2019-01-23,,
2019-01-24,,
2019-01-25,,
2019-01-26,,
2019-01-27,,
2019-01-28,335.660004,331.68364297702914
2019-01-29,,
2019-01-30,,
2019-01-31,,
2019-02-01,,
2019-02-02,,
2019-02-03,,
2019-02-04,,
2019-02-05,,
2019-02-06,,
2019-02-07,,
2019-02-08,,
2019-02-09,,
2019-02-10,,
2019-02-11,,
2019-02-12,359.970001,356.7670737210217
2019-02-13,,
2019-02-14,,
2019-02-15,,
2019-02-16,,
2019-02-17,,
2019-02-18,,
2019-02-19,,
2019-02-20,,
2019-02-21,356.970001,357.5389951463581
2019-02-22,,
2019-02-23,,
2019-02-24,,
2019-02-25,,
2019-02-26,,
2019-02-27,,
2019-02-28,,
2019-03-01,,
2019-03-02,,
2019-03-03,,
2019-03-04,,
2019-03-05,,
2019-03-06,,
2019-03-07,352.600006,354.5937432944551
2019-03-08,,
2019-03-09,,
2019-03-10,,
2019-03-11,,
2019-03-12,,
2019-03-13,,
2019-03-14,358.820007,361.534181397863
2019-03-15,,
2019-03-16,,
2019-03-17,,
2019-03-18,,
2019-03-19,,
2019-03-20,375.220001,371.2701528621498
2019-03-21,,
2019-03-22,,
2019-03-23,,
2019-03-24,,
2019-03-25,,
2019-03-26,,
2019-03-27,,
2019-03-28,,
2019-03-29,,
2019-03-30,,
2019-03-31,,
2019-04-01,,
2019-04-02,,
2019-04-03,,
2019-04-04,,
2019-04-05,,
2019-04-06,,
2019-04-07,,
2019-04-08,,
2019-04-09,,
2019-04-10,,
2019-04-11,,
2019-04-12,,
2019-04-13,,
2019-04-14,,
2019-04-15,,
2019-04-16,,
2019-04-17,354.73999,356.9317959882422
2019-04-18,360.350006,357.0071308112559
2019-04-19,,
2019-04-20,,
2019-04-21,,
2019-04-22,,
2019-04-23,,
2019-04-24,,
2019-04-25,368.329987,367.794640971857
2019-04-26,,
2019-04-27,,
2019-04-28,,
2019-04-29,371.829987,370.9111461721909
2019-04-30,,
2019-05-01,,
2019-05-02,,
2019-05-03,,
2019-05-04,,
2019-05-05,,
2019-05-06,,
2019-05-07,,
2019-05-08,,
2019-05-09,362.75,357.06269530107727
2019-05-10,,
2019-05-11,,
2019-05-12,,
2019-05-13,,
2019-05-14,345.609985,344.88804361554753
2019-05-15,,
2019-05-16,359.309998,360.76656198221457
2019-05-17,,
2019-05-18,,
2019-05-19,,
2019-05-20,,
2019-05-21,354.269989,354.7299344792291
2019-05-22,,
2019-05-23,,
2019-05-24,,
2019-05-25,,
2019-05-26,,
2019-05-27,,
2019-05-28,,
2019-05-29,,
2019-05-30,351.850006,351.8775845913518
2019-05-31,,
2019-06-01,,
2019-06-02,,
2019-06-03,,
2019-06-04,,
2019-06-05,355.730011,352.7459045295805
2019-06-06,,
2019-06-07,,
2019-06-08,,
2019-06-09,,
2019-06-10,,
2019-06-11,,
2019-06-12,,
2019-06-13,,
2019-06-14,,
2019-06-15,,
2019-06-16,,
2019-06-17,350.619995,349.66323785428665
2019-06-18,,
2019-06-19,,
2019-06-20,,
2019-06-21,,
2019-06-22,,
2019-06-23,,
2019-06-24,,
2019-06-25,,
2019-06-26,,
2019-06-27,,
2019-06-28,,
2019-06-29,,
2019-06-30,,
2019-07-01,374.600006,375.14664908628083
2019-07-02,,
2019-07-03,,
2019-07-04,,
2019-07-05,,
2019-07-06,,
2019-07-07,,
2019-07-08,376.160004,376.1976234574911
2019-07-09,,
2019-07-10,,
2019-07-11,,
2019-07-12,,
2019-07-13,,
2019-07-14,,
2019-07-15,366.600006,365.14139081482415
2019-07-16,,
2019-07-17,,
2019-07-18,,
2019-07-19,,
2019-07-20,,
2019-07-21,,
2019-07-22,,
2019-07-23,,
2019-07-24,,
2019-07-25,,
2019-07-26,335.779999,334.08753125585844
2019-07-27,,
2019-07-28,,
2019-07-29,332.700012,330.696662821787
2019-07-30,,
2019-07-31,,
2019-08-01,,
2019-08-02,318.829987,314.67934176661817
2019-08-03,,
2019-08-04,,
2019-08-05,,
2019-08-06,,
2019-08-07,,
2019-08-08,315.899994,311.92549772687477
2019-08-09,,
2019-08-10,,
2019-08-11,,
2019-08-12,310.829987,309.86516480439815
2019-08-13,312.279999,314.0228345772732
2019-08-14,,
2019-08-15,,
2019-08-16,,
2019-08-17,,
2019-08-18,,
2019-08-19,,
2019-08-20,298.98999,299.6492288780191
2019-08-21,,
2019-08-22,,
2019-08-23,,
2019-08-24,,
2019-08-25,,
2019-08-26,,
2019-08-27,,
2019-08-28,,
2019-08-29,296.779999,299.2111725923173
2019-08-30,293.75,292.5880654514873
2019-08-31,,
2019-09-01,,
2019-09-02,,
2019-09-03,,
2019-09-04,,
2019-09-05,,
2019-09-06,,
2019-09-07,,
2019-09-08,,
2019-09-09,,
2019-09-10,,
2019-09-11,,
2019-09-12,,
2019-09-13,,
2019-09-14,,
2019-09-15,,
2019-09-16,,
2019-09-17,,
2019-09-18,,
2019-09-19,,
2019-09-20,,
2019-09-21,,
2019-09-22,,
2019-09-23,,
2019-09-24,,
2019-09-25,,
2019-09-26,263.309998,263.0008760068809
2019-09-27,,
2019-09-28,,
2019-09-29,,
2019-09-30,,
2019-10-01,269.579987,268.9410158639222
2019-10-02,,
2019-10-03,,
2019-10-04,,
2019-10-05,,
2019-10-06,,
2019-10-07,,
2019-10-08,270.720001,273.4494932618594
2019-10-09,,
2019-10-10,,
2019-10-11,282.929993,285.75927732082334
2019-10-12,,
2019-10-13,,
2019-10-14,,
2019-10-15,,
2019-10-16,,
2019-10-17,,
2019-10-18,,
2019-10-19,,
2019-10-20,,
2019-10-21,,
2019-10-22,,
2019-10-23,,
2019-10-24,,
2019-10-25,,
2019-10-26,,
2019-10-27,,
2019-10-28,,
2019-10-29,,
2019-10-30,,
2019-10-31,,
2019-11-01,,
2019-11-02,,
2019-11-03,,
2019-11-04,,
2019-11-05,,
2019-11-06,288.589996,288.3752089737835
2019-11-07,,
2019-11-08,,
2019-11-09,,
2019-11-10,,
2019-11-11,,
2019-11-12,292.01001,290.2187034385876
2019-11-13,,
2019-11-14,289.619995,289.4653589329997
2019-11-15,,
2019-11-16,,
2019-11-17,,
2019-11-18,,
2019-11-19,,
2019-11-20,305.160004,307.05440362597056
2019-11-21,,
2019-11-22,,
2019-11-23,,
2019-11-24,,
2019-11-25,,
2019-11-26,,
2019-11-27,,
2019-11-28,,
2019-11-29,314.660004,314.6537769099346
2019-11-30,,
2019-12-01,,
2019-12-02,,
2019-12-03,,
2019-12-04,304.320007,304.41096801336704
2019-12-05,,
2019-12-06,307.350006,305.76958207275493
2019-12-07,,
2019-12-08,,
2019-12-09,,
2019-12-10,293.119995,295.6025848839636
2019-12-11,,
2019-12-12,,
2019-12-13,298.5,300.36882218398966
2019-12-14,,
2019-12-15,,
2019-12-16,304.209991,303.1510383676713
2019-12-17,,
2019-12-18,,
2019-12-19,,
2019-12-20,,
2019-12-21,,
2019-12-22,,
2019-12-23,333.100006,332.69717365447025
2019-12-24,,
2019-12-25,,
2019-12-26,,
2019-12-27,329.089996,328.1906530705779
2019-12-28,,
2019-12-29,,
2019-12-30,323.309998,324.3039855335849
2019-12-31,,
2020-01-01,,
2020-01-02,,
2020-01-03,,
2020-01-04,,
2020-01-05,,
2020-01-06,,
2020-01-07,,
2020-01-08,339.26001,340.3741839996718
2020-01-09,,
2020-01-10,329.049988,330.2685073648154
2020-01-11,,
2020-01-12,,
2020-01-13,,
2020-01-14,,
2020-01-15,,
2020-01-16,,
2020-01-17,,
2020-01-18,,
2020-01-19,,
2020-01-20,,
2020-01-21,,
2020-01-22,,
2020-01-23,,
2020-01-24,,
2020-01-25,,
2020-01-26,,
2020-01-27,,
2020-01-28,,
2020-01-29,,
2020-01-30,,
2020-01-31,,
2020-02-01,,
2020-02-02,,
2020-02-03,,
2020-02-04,,
2020-02-05,,
2020-02-06,366.950012,365.5012411758943
2020-02-07,366.769989,369.4557307989063
2020-02-08,,
2020-02-09,,
2020-02-10,,
2020-02-11,,
2020-02-12,,
2020-02-13,,
2020-02-14,,
2020-02-15,,
2020-02-16,,
2020-02-17,,
2020-02-18,,
2020-02-19,,
2020-02-20,,
2020-02-21,,
2020-02-22,,
2020-02-23,,
2020-02-24,,
2020-02-25,,
2020-02-26,,
2020-02-27,,
2020-02-28,,
2020-02-29,,
2020-03-01,,
2020-03-02,,
2020-03-03,368.769989,379.8110784243157
2020-03-04,383.790009,376.9440938815705
2020-03-05,,
2020-03-06,,
2020-03-07,,
2020-03-08,,
2020-03-09,,
2020-03-10,364.130005,356.0515283698106
2020-03-11,,
2020-03-12,,
2020-03-13,336.299988,316.1978347868214
2020-03-14,,
2020-03-15,,
2020-03-16,,
2020-03-17,319.75,306.3460360317891
2020-03-18,,
2020-03-19,332.029999,337.4592090788796
2020-03-20,,
2020-03-21,,
2020-03-22,,
2020-03-23,360.269989,357.0168223861808
2020-03-24,,
2020-03-25,,
2020-03-26,,
2020-03-27,357.119995,361.8979210809128
2020-03-28,,
2020-03-29,,
2020-03-30,,
2020-03-31,,
2020-04-01,,
2020-04-02,,
2020-04-03,,
2020-04-04,,
2020-04-05,,
2020-04-06,,
2020-04-07,372.279999,372.58856841300485
2020-04-08,,
2020-04-09,,
2020-04-10,,
2020-04-11,,
2020-04-12,,
2020-04-13,,
2020-04-14,,
2020-04-15,,
2020-04-16,,
2020-04-17,,
2020-04-18,,
2020-04-19,,
2020-04-20,,
2020-04-21,,
2020-04-22,,
2020-04-23,426.700012,435.11257098132415
2020-04-24,424.98999,419.6614815616425
2020-04-25,,
2020-04-26,,
2020-04-27,,
2020-04-28,,
2020-04-29,411.890015,407.90211385060735
2020-04-30,,
2020-05-01,415.269989,422.88897204433624
2020-05-02,,
2020-05-03,,
2020-05-04,,
2020-05-05,,
2020-05-06,,
2020-05-07,,
2020-05-08,,
2020-05-09,,
2020-05-10,,
2020-05-11,440.519989,442.82768025242416
2020-05-12,,
2020-05-13,,
2020-05-14,,
2020-05-15,,
2020-05-16,,
2020-05-17,,
2020-05-18,,
2020-05-19,,
2020-05-20,447.670013,447.30595393308647
2020-05-21,,
2020-05-22,,
2020-05-23,,
2020-05-24,,
2020-05-25,,
2020-05-26,,
2020-05-27,,
2020-05-28,,
2020-05-29,419.730011,415.40602820413926
2020-05-30,,
2020-05-31,,
2020-06-01,,
2020-06-02,427.309998,422.166747281666
2020-06-03,,
2020-06-04,,
2020-06-05,419.600006,415.2217497893065
2020-06-06,,
2020-06-07,,
2020-06-08,,
2020-06-09,434.049988,431.2342076712868
2020-06-10,,
2020-06-11,,
2020-06-12,,
2020-06-13,,
2020-06-14,,
2020-06-15,,
2020-06-16,436.130005,435.2310891654019
2020-06-17,,
2020-06-18,449.869995,447.27758222290873
2020-06-19,453.720001,450.44794182620444
2020-06-20,,
2020-06-21,,
2020-06-22,,
2020-06-23,,
2020-06-24,,
2020-06-25,,
2020-06-26,,
2020-06-27,,
2020-06-28,,
2020-06-29,,
2020-06-30,,
2020-07-01,,
2020-07-02,476.890015,482.80168905154727
2020-07-03,,
2020-07-04,,
2020-07-05,,
2020-07-06,,
2020-07-07,,
2020-07-08,,
2020-07-09,,
2020-07-10,548.72998,542.0702843314783
2020-07-11,,
2020-07-12,,
2020-07-13,,
2020-07-14,,
2020-07-15,,
2020-07-16,527.390015,516.4516196624605
2020-07-17,,
2020-07-18,,
2020-07-19,,
2020-07-20,502.410004,497.77529085523526
2020-07-21,,
2020-07-22,489.820007,492.4742629687736
2020-07-23,,
2020-07-24,,
2020-07-25,,
2020-07-26,,
2020-07-27,495.649994,492.9368788916697
2020-07-28,,
2020-07-29,,
2020-07-30,485.799988,484.5211218411729
2020-07-31,,
2020-08-01,,
2020-08-02,,
2020-08-03,,
2020-08-04,509.640015,508.3314109906299
2020-08-05,,
2020-08-06,,
2020-08-07,494.730011,492.3068331115781
2020-08-08,,
2020-08-09,,
2020-08-10,483.380005,484.54547061145684
2020-08-11,466.929993,470.1172614176162
2020-08-12,,
2020-08-13,481.329987,481.8206139787067
2020-08-14,482.679993,485.26077912233836
2020-08-15,,
2020-08-16,,
2020-08-17,,
2020-08-18,,
2020-08-19,,
2020-08-20,,
2020-08-21,,
2020-08-22,,
2020-08-23,,
2020-08-24,,
2020-08-25,,
2020-08-26,,
2020-08-27,,
2020-08-28,,
2020-08-29,,
2020-08-30,,
2020-08-31,,
2020-09-01,,
2020-09-02,552.840027,542.5641026950274
2020-09-03,,
2020-09-04,,
2020-09-05,,
2020-09-06,,
2020-09-07,,
2020-09-08,,
2020-09-09,,
2020-09-10,,
2020-09-11,,
2020-09-12,,
2020-09-13,,
2020-09-14,476.26001,479.8495372884949
2020-09-15,,
2020-09-16,,
2020-09-17,470.200012,468.1183326225957
2020-09-18,,
2020-09-19,,
2020-09-20,,
2020-09-21,,
2020-09-22,,
2020-09-23,470.609985,472.7867672060168
2020-09-24,473.079987,473.6714769926483
2020-09-25,,
2020-09-26,,
2020-09-27,,
2020-09-28,,
2020-09-29,,
2020-09-30,500.029999,499.5985370660543
2020-10-01,,
2020-10-02,503.059998,513.0679831927199
2020-10-03,,
2020-10-04,,
2020-10-05,520.650024,513.9210944028029
2020-10-06,505.869995,509.2501532512566
2020-10-07,,
2020-10-08,,
2020-10-09,,
2020-10-10,,
2020-10-11,,
2020-10-12,,
2020-10-13,,
2020-10-14,,
2020-10-15,,
2020-10-16,,
2020-10-17,,
2020-10-18,,
2020-10-19,,
2020-10-20,,
2020-10-21,,
2020-10-22,,
2020-10-23,,
2020-10-24,,
2020-10-25,,
2020-10-26,,
2020-10-27,,
2020-10-28,,
2020-10-29,,
2020-10-30,,
2020-10-31,,
2020-11-01,,
2020-11-02,,
2020-11-03,,
2020-11-04,,
2020-11-05,,
2020-11-06,,
2020-11-07,,
2020-11-08,,
2020-11-09,,
2020-11-10,,
2020-11-11,,
2020-11-12,,
2020-11-13,,
2020-11-14,,
2020-11-15,,
2020-11-16,,
2020-11-17,,
2020-11-18,,
2020-11-19,,
2020-11-20,,
2020-11-21,,
2020-11-22,,
2020-11-23,,
2020-11-24,,
2020-11-25,,
2020-11-26,,
2020-11-27,,
2020-11-28,,
2020-11-29,,
2020-11-30,490.700012,484.9486393773284
2020-12-01,504.579987,505.80940706552497
2020-12-02,503.380005,499.14377931425753
2020-12-03,,
2020-12-04,,
2020-12-05,,
2020-12-06,,
2020-12-07,,
2020-12-08,,
2020-12-09,,
2020-12-10,,
2020-12-11,,
2020-12-12,,
2020-12-13,,
2020-12-14,,
2020-12-15,,
2020-12-16,,
2020-12-17,532.900024,532.2749431140595
2020-12-18,534.450012,530.0696454363089
2020-12-19,,
2020-12-20,,
2020-12-21,,
2020-12-22,,
2020-12-23,,
2020-12-24,,
2020-12-25,,
2020-12-26,,
2020-12-27,,
2020-12-28,519.119995,514.535729756418
2020-12-29,530.869995,529.501710869498
2020-12-30,,
2020-12-31,540.72998,539.5162120666988
2021-01-01,,
2021-01-02,,
2021-01-03,,
2021-01-04,,
2021-01-05,,
2021-01-06,500.48999,502.81714038866295
2021-01-07,,
2021-01-08,510.399994,507.44065752146554
2021-01-09,,
2021-01-10,,
2021-01-11,,
2021-01-12,,
2021-01-13,,
2021-01-14,,
2021-01-15,,
2021-01-16,,
2021-01-17,,
2021-01-18,,
2021-01-19,,
2021-01-20,,
2021-01-21,,
2021-01-22,,
2021-01-23,,
2021-01-24,,
2021-01-25,,
2021-01-26,,
2021-01-27,,
2021-01-28,,
2021-01-29,532.390015,534.1862632767229
2021-01-30,,
2021-01-31,,
2021-02-01,,
2021-02-02,,
2021-02-03,,
2021-02-04,,
2021-02-05,,
2021-02-06,,
2021-02-07,,
2021-02-08,547.919983,545.8267004771924
2021-02-09,,
2021-02-10,,
2021-02-11,,
2021-02-12,556.52002,555.4843874289618
2021-02-13,,
2021-02-14,,
2021-02-15,,
2021-02-16,,
2021-02-17,,
2021-02-18,,
2021-02-19,540.219971,541.382647217965
2021-02-20,,
2021-02-21,,
2021-02-22,,
2021-02-23,,
2021-02-24,553.409973,552.8019813334607
2021-02-25,,
2021-02-26,538.849976,544.8481907627072
2021-02-27,,
2021-02-28,,
2021-03-01,,
2021-03-02,547.820007,550.3807552834047
2021-03-03,,
2021-03-04,,
2021-03-05,,
2021-03-06,,
2021-03-07,,
2021-03-08,493.329987,499.9840593463926
2021-03-09,,
2021-03-10,,
2021-03-11,,
2021-03-12,,
2021-03-13,,
2021-03-14,,
2021-03-15,,
2021-03-16,,
2021-03-17,,
2021-03-18,,
2021-03-19,,
2021-03-20,,
2021-03-21,,
2021-03-22,,
2021-03-23,,
2021-03-24,,
2021-03-25,502.859985,501.75086349941415
2021-03-26,,
2021-03-27,,
2021-03-28,,
2021-03-29,,
2021-03-30,,
2021-03-31,,
2021-04-01,,
2021-04-02,,
2021-04-03,,
2021-04-04,,
2021-04-05,,
2021-04-06,,
2021-04-07,,
2021-04-08,,
2021-04-09,,
2021-04-10,,
2021-04-11,,
2021-04-12,,
2021-04-13,,
2021-04-14,,
2021-04-15,549.219971,550.5271769070036
2021-04-16,,
2021-04-17,,
2021-04-18,,
2021-04-19,554.440002,553.6175936574325
2021-04-20,,
2021-04-21,,
2021-04-22,,
2021-04-23,,
2021-04-24,,
2021-04-25,,
2021-04-26,510.299988,506.9388707504654
2021-04-27,,
2021-04-28,506.519989,506.51476829751965
2021-04-29,,
2021-04-30,513.469971,512.8784060085815
2021-05-01,,
2021-05-02,,
2021-05-03,,
2021-05-04,503.179993,500.05960689129677
2021-05-05,,
2021-05-06,,
2021-05-07,,
2021-05-08,,
2021-05-09,,
2021-05-10,486.690002,489.94404716394314
2021-05-11,,
2021-05-12,484.980011,488.98309171590813
2021-05-13,,
2021-05-14,493.369995,492.5805369639766
2021-05-15,,
2021-05-16,,
2021-05-17,,
2021-05-18,,
2021-05-19,,
2021-05-20,,
2021-05-21,,
2021-05-22,,
2021-05-23,,
2021-05-24,,
2021-05-25,,
2021-05-26,,
2021-05-27,,
2021-05-28,,
2021-05-29,,
2021-05-30,,
2021-05-31,,
2021-06-01,,
2021-06-02,,
2021-06-03,,
2021-06-04,,
2021-06-05,,
2021-06-06,,
2021-06-07,,
2021-06-08,492.390015,492.29897742242315
2021-06-09,485.809998,487.778388468092
2021-06-10,,
2021-06-11,,
2021-06-12,,
2021-06-13,,
2021-06-14,,
2021-06-15,,
2021-06-16,492.410004,489.1659810354286
2021-06-17,,
2021-06-18,,
2021-06-19,,
2021-06-20,,
2021-06-21,497.0,494.5603751679308
2021-06-22,,
2021-06-23,,
2021-06-24,,
2021-06-25,,
2021-06-26,,
2021-06-27,,
2021-06-28,533.030029,530.0052090771496
2021-06-29,,
2021-06-30,,
2021-07-01,,
2021-07-02,,
2021-07-03,,
2021-07-04,,
2021-07-05,,
2021-07-06,,
2021-07-07,,
2021-07-08,530.76001,533.3362905629234
2021-07-09,,
2021-07-10,,
2021-07-11,,
2021-07-12,,
2021-07-13,,
2021-07-14,,
2021-07-15,542.950012,543.9439639501593
2021-07-16,,
2021-07-17,,
2021-07-18,,
2021-07-19,532.280029,530.1386074941025
2021-07-20,,
2021-07-21,513.630005,513.4397837129961
2021-07-22,,
2021-07-23,,
2021-07-24,,
2021-07-25,,
2021-07-26,,
2021-07-27,,
2021-07-28,,
2021-07-29,,
2021-07-30,,
2021-07-31,,
2021-08-01,,
2021-08-02,,
2021-08-03,,
2021-08-04,517.349976,514.970665696114
2021-08-05,,
2021-08-06,,
2021-08-07,,
2021-08-08,,
2021-08-09,519.969971,519.9572260022975
2021-08-10,,
2021-08-11,512.400024,513.1835239992377
2021-08-12,,
2021-08-13,,
2021-08-14,,
2021-08-15,,
2021-08-16,,
2021-08-17,,
2021-08-18,,
2021-08-19,,
2021-08-20,,
2021-08-21,,
2021-08-22,,
2021-08-23,553.330017,551.8790753956341
2021-08-24,,
2021-08-25,,
2021-08-26,,
2021-08-27,,
2021-08-28,,
2021-08-29,,
2021-08-30,,
2021-08-31,,
2021-09-01,,
2021-09-02,,
2021-09-03,590.530029,588.6644530169987
2021-09-04,,
2021-09-05,,
2021-09-06,,
2021-09-07,,
2021-09-08,,
2021-09-09,,
2021-09-10,,
2021-09-11,,
2021-09-12,,
2021-09-13,,
2021-09-14,,
2021-09-15,,
2021-09-16,,
2021-09-17,,
2021-09-18,,
2021-09-19,,
2021-09-20,575.429993,575.0665033749665
2021-09-21,573.140015,573.8760975116891
2021-09-22,,
2021-09-23,,
2021-09-24,,
2021-09-25,,
2021-09-26,,
2021-09-27,,
2021-09-28,,
2021-09-29,,
2021-09-30,,
2021-10-01,613.150024,607.3569879507551
2021-10-02,,
2021-10-03,,
2021-10-04,,
2021-10-05,634.809998,633.6144548305426
2021-10-06,,
2021-10-07,,
2021-10-08,,
2021-10-09,,
2021-10-10,,
2021-10-11,,
2021-10-12,624.940002,627.722184285969
2021-10-13,,
2021-10-14,,
2021-10-15,628.289978,628.7326115643635
2021-10-16,,
2021-10-17,,
2021-10-18,,
2021-10-19,,
2021-10-20,625.140015,628.4968883289246
2021-10-21,,
2021-10-22,,
2021-10-23,,
2021-10-24,,
2021-10-25,,
2021-10-26,,
2021-10-27,662.919983,665.2254399864767
2021-10-28,674.049988,673.4610120918853
2021-10-29,,
2021-10-30,,
2021-10-31,,
2021-11-01,,
2021-11-02,,
2021-11-03,688.289978,687.0778651132327
2021-11-04,,
2021-11-05,645.719971,649.7856007697083
2021-11-06,,
2021-11-07,,
2021-11-08,,
2021-11-09,,
2021-11-10,,
2021-11-11,,
2021-11-12,,
2021-11-13,,
2021-11-14,,
2021-11-15,,
2021-11-16,687.400024,685.3302262475402
2021-11-17,,
2021-11-18,,
2021-11-19,,
2021-11-20,,
2021-11-21,,
2021-11-22,,
2021-11-23,,
2021-11-24,,
2021-11-25,,
2021-11-26,,
2021-11-27,,
2021-11-28,,
2021-11-29,663.840027,663.1796075746585
2021-11-30,,
2021-12-01,,
2021-12-02,,
2021-12-03,602.130005,601.0510694333876
2021-12-04,,
2021-12-05,,
2021-12-06,,
2021-12-07,,
2021-12-08,628.080017,626.5420141530142
2021-12-09,,
2021-12-10,611.659973,608.7105517471381
2021-12-11,,
2021-12-12,,
2021-12-13,604.559998,602.3266939570121
2021-12-14,,
2021-12-15,,
2021-12-16,,
2021-12-17,,
2021-12-18,,
2021-12-19,,
2021-12-20,,
2021-12-21,,
2021-12-22,,
2021-12-23,614.090027,609.646339093551
2021-12-24,,
2021-12-25,,
2021-12-26,,
2021-12-27,,
2021-12-28,,
2021-12-29,610.539978,608.4667960739457
2021-12-30,,
2021-12-31,,
2022-01-01,,
2022-01-02,,
2022-01-03,,
2022-01-04,591.150024,585.2923053538165
2022-01-05,,
2022-01-06,,
2022-01-07,,
2022-01-08,,
2022-01-09,,
2022-01-10,,
2022-01-11,,
2022-01-12,537.219971,534.3474092074546
2022-01-13,,
2022-01-14,,
2022-01-15,,
2022-01-16,,
2022-01-17,,
2022-01-18,,
2022-01-19,515.859985,518.0332588112811
2022-01-20,508.25,516.4484786535487
2022-01-21,397.5,393.6195491076713
2022-01-22,,
2022-01-23,,
2022-01-24,387.149994,361.12510259424516
2022-01-25,366.420013,374.9813519874952
2022-01-26,,
2022-01-27,,
2022-01-28,,
2022-01-29,,
2022-01-30,,
2022-01-31,,
2022-02-01,,
2022-02-02,,
2022-02-03,,
2022-02-04,410.170013,403.1402156859789
